{
  "bins_entropy":{
    "bins_entropy":1.0,
    "bottleneck":0.4485294118,
    "chamfer_dist":0.4485294118,
    "cluster_inertia":0.4485294118,
    "convex_hull_volume_3d":-0.8602941176,
    "dcscore":0.3725490196,
    "diameter":0.3210784314,
    "energy":0.5416666667,
    "geo_mean_std":0.362745098,
    "graph_entropy":0.7524509804,
    "hamdiv":0.5955882353,
    "knn":0.5514705882,
    "log_determinant":0.568627451,
    "mean_pw_dist":0.3333333333,
    "mst_dispersion":0.5,
    "renyi_entropy":0.4460784314,
    "span_centroid":0.2671568627,
    "span_medoid":0.3651960784,
    "sum_bottleneck":0.4485294118,
    "sum_diameter":0.1887254902,
    "sum_pairwise_dist":0.3333333333,
    "vendi_score":0.5612745098
  },
  "bottleneck":{
    "bins_entropy":0.4485294118,
    "bottleneck":1.0,
    "chamfer_dist":0.862745098,
    "cluster_inertia":1.0,
    "convex_hull_volume_3d":-0.6519607843,
    "dcscore":0.4803921569,
    "diameter":0.2524509804,
    "energy":0.8480392157,
    "geo_mean_std":0.5710784314,
    "graph_entropy":0.7426470588,
    "hamdiv":0.7524509804,
    "knn":0.7696078431,
    "log_determinant":0.8357843137,
    "mean_pw_dist":0.4852941176,
    "mst_dispersion":0.7303921569,
    "renyi_entropy":0.5514705882,
    "span_centroid":0.3455882353,
    "span_medoid":0.5147058824,
    "sum_bottleneck":0.862745098,
    "sum_diameter":0.2941176471,
    "sum_pairwise_dist":0.4852941176,
    "vendi_score":0.6593137255
  },
  "chamfer_dist":{
    "bins_entropy":0.4485294118,
    "bottleneck":0.862745098,
    "chamfer_dist":1.0,
    "cluster_inertia":0.862745098,
    "convex_hull_volume_3d":-0.4803921569,
    "dcscore":0.7818627451,
    "diameter":0.3357843137,
    "energy":0.8823529412,
    "geo_mean_std":0.7990196078,
    "graph_entropy":0.8235294118,
    "hamdiv":0.9142156863,
    "knn":0.9534313725,
    "log_determinant":0.9411764706,
    "mean_pw_dist":0.7769607843,
    "mst_dispersion":0.9460784314,
    "renyi_entropy":0.8039215686,
    "span_centroid":0.6544117647,
    "span_medoid":0.762254902,
    "sum_bottleneck":1.0,
    "sum_diameter":0.5294117647,
    "sum_pairwise_dist":0.7769607843,
    "vendi_score":0.8676470588
  },
  "cluster_inertia":{
    "bins_entropy":0.4485294118,
    "bottleneck":1.0,
    "chamfer_dist":0.862745098,
    "cluster_inertia":1.0,
    "convex_hull_volume_3d":-0.6519607843,
    "dcscore":0.4803921569,
    "diameter":0.2524509804,
    "energy":0.8480392157,
    "geo_mean_std":0.5710784314,
    "graph_entropy":0.7426470588,
    "hamdiv":0.7524509804,
    "knn":0.7696078431,
    "log_determinant":0.8357843137,
    "mean_pw_dist":0.4852941176,
    "mst_dispersion":0.7303921569,
    "renyi_entropy":0.5514705882,
    "span_centroid":0.3455882353,
    "span_medoid":0.5147058824,
    "sum_bottleneck":0.862745098,
    "sum_diameter":0.2941176471,
    "sum_pairwise_dist":0.4852941176,
    "vendi_score":0.6593137255
  },
  "convex_hull_volume_3d":{
    "bins_entropy":-0.8602941176,
    "bottleneck":-0.6519607843,
    "chamfer_dist":-0.4803921569,
    "cluster_inertia":-0.6519607843,
    "convex_hull_volume_3d":1.0,
    "dcscore":-0.2328431373,
    "diameter":-0.4338235294,
    "energy":-0.6029411765,
    "geo_mean_std":-0.2892156863,
    "graph_entropy":-0.6691176471,
    "hamdiv":-0.5539215686,
    "knn":-0.4803921569,
    "log_determinant":-0.5637254902,
    "mean_pw_dist":-0.2034313725,
    "mst_dispersion":-0.4166666667,
    "renyi_entropy":-0.3161764706,
    "span_centroid":-0.1960784314,
    "span_medoid":-0.2205882353,
    "sum_bottleneck":-0.4803921569,
    "sum_diameter":-0.2279411765,
    "sum_pairwise_dist":-0.2034313725,
    "vendi_score":-0.4387254902
  },
  "dcscore":{
    "bins_entropy":0.3725490196,
    "bottleneck":0.4803921569,
    "chamfer_dist":0.7818627451,
    "cluster_inertia":0.4803921569,
    "convex_hull_volume_3d":-0.2328431373,
    "dcscore":1.0,
    "diameter":0.4901960784,
    "energy":0.7671568627,
    "geo_mean_std":0.9754901961,
    "graph_entropy":0.762254902,
    "hamdiv":0.8259803922,
    "knn":0.8578431373,
    "log_determinant":0.8137254902,
    "mean_pw_dist":0.9975490196,
    "mst_dispersion":0.8651960784,
    "renyi_entropy":0.9754901961,
    "span_centroid":0.887254902,
    "span_medoid":0.9607843137,
    "sum_bottleneck":0.7818627451,
    "sum_diameter":0.6691176471,
    "sum_pairwise_dist":0.9975490196,
    "vendi_score":0.9117647059
  },
  "diameter":{
    "bins_entropy":0.3210784314,
    "bottleneck":0.2524509804,
    "chamfer_dist":0.3357843137,
    "cluster_inertia":0.2524509804,
    "convex_hull_volume_3d":-0.4338235294,
    "dcscore":0.4901960784,
    "diameter":1.0,
    "energy":0.4215686275,
    "geo_mean_std":0.556372549,
    "graph_entropy":0.375,
    "hamdiv":0.2965686275,
    "knn":0.3602941176,
    "log_determinant":0.3382352941,
    "mean_pw_dist":0.4730392157,
    "mst_dispersion":0.3259803922,
    "renyi_entropy":0.4460784314,
    "span_centroid":0.4730392157,
    "span_medoid":0.4117647059,
    "sum_bottleneck":0.3357843137,
    "sum_diameter":0.7352941176,
    "sum_pairwise_dist":0.4730392157,
    "vendi_score":0.3995098039
  },
  "energy":{
    "bins_entropy":0.5416666667,
    "bottleneck":0.8480392157,
    "chamfer_dist":0.8823529412,
    "cluster_inertia":0.8480392157,
    "convex_hull_volume_3d":-0.6029411765,
    "dcscore":0.7671568627,
    "diameter":0.4215686275,
    "energy":1.0,
    "geo_mean_std":0.8235294118,
    "graph_entropy":0.8602941176,
    "hamdiv":0.9093137255,
    "knn":0.8823529412,
    "log_determinant":0.9460784314,
    "mean_pw_dist":0.762254902,
    "mst_dispersion":0.8480392157,
    "renyi_entropy":0.8039215686,
    "span_centroid":0.6397058824,
    "span_medoid":0.737745098,
    "sum_bottleneck":0.8823529412,
    "sum_diameter":0.5343137255,
    "sum_pairwise_dist":0.762254902,
    "vendi_score":0.8308823529
  },
  "geo_mean_std":{
    "bins_entropy":0.362745098,
    "bottleneck":0.5710784314,
    "chamfer_dist":0.7990196078,
    "cluster_inertia":0.5710784314,
    "convex_hull_volume_3d":-0.2892156863,
    "dcscore":0.9754901961,
    "diameter":0.556372549,
    "energy":0.8235294118,
    "geo_mean_std":1.0,
    "graph_entropy":0.7720588235,
    "hamdiv":0.8112745098,
    "knn":0.8602941176,
    "log_determinant":0.8382352941,
    "mean_pw_dist":0.9779411765,
    "mst_dispersion":0.8455882353,
    "renyi_entropy":0.9656862745,
    "span_centroid":0.8480392157,
    "span_medoid":0.9534313725,
    "sum_bottleneck":0.7990196078,
    "sum_diameter":0.6666666667,
    "sum_pairwise_dist":0.9779411765,
    "vendi_score":0.8995098039
  },
  "graph_entropy":{
    "bins_entropy":0.7524509804,
    "bottleneck":0.7426470588,
    "chamfer_dist":0.8235294118,
    "cluster_inertia":0.7426470588,
    "convex_hull_volume_3d":-0.6691176471,
    "dcscore":0.762254902,
    "diameter":0.375,
    "energy":0.8602941176,
    "geo_mean_std":0.7720588235,
    "graph_entropy":1.0,
    "hamdiv":0.8897058824,
    "knn":0.9093137255,
    "log_determinant":0.9240196078,
    "mean_pw_dist":0.7475490196,
    "mst_dispersion":0.8774509804,
    "renyi_entropy":0.8529411765,
    "span_centroid":0.5441176471,
    "span_medoid":0.8088235294,
    "sum_bottleneck":0.8235294118,
    "sum_diameter":0.443627451,
    "sum_pairwise_dist":0.7475490196,
    "vendi_score":0.9362745098
  },
  "hamdiv":{
    "bins_entropy":0.5955882353,
    "bottleneck":0.7524509804,
    "chamfer_dist":0.9142156863,
    "cluster_inertia":0.7524509804,
    "convex_hull_volume_3d":-0.5539215686,
    "dcscore":0.8259803922,
    "diameter":0.2965686275,
    "energy":0.9093137255,
    "geo_mean_std":0.8112745098,
    "graph_entropy":0.8897058824,
    "hamdiv":1.0,
    "knn":0.9460784314,
    "log_determinant":0.9656862745,
    "mean_pw_dist":0.818627451,
    "mst_dispersion":0.931372549,
    "renyi_entropy":0.8553921569,
    "span_centroid":0.7058823529,
    "span_medoid":0.8014705882,
    "sum_bottleneck":0.9142156863,
    "sum_diameter":0.5490196078,
    "sum_pairwise_dist":0.818627451,